Cita,Referencia,Lengua,Tipo
"Campbell & Grondona, 2007","Campbell, Lyle & Grondona, Verónica. (2007). Internal reconstruction in Chulupí (Nivaklé). Diachronica, 24(1), 1-29.",nivaclé,"artículo, estudio comparativo"
"Carol, 2014a","Carol, Javier (2014). Esbozo fonológico del chorote (mataguayo). LIAMES, 14, 73-103",chorote,"artículo, estudio fonológico"
"Carol, 2014b","Carol, Javier (2014). Lengua chorote (Mataguayo). Estudio descriptivo. Munich: Lincom.",chorote,estudio gramatical
"Claesson, 1994","Claesson, Kenneth (1994). A phonological outline of mataco-noctenes. International Journal of American Linguistics, 60(1), 1-38.",wichí,"artículo, estudio fonológico"
"Drayson, 2009","Drayson, Nicholas. (2009). Niwak Samtis. Diccionario Iyojwa'ja'Lij- Kilay'Lij (Chorote- castellano). Hacia una nueva carta étnica del Gran Chaco VIII: 91-174. Las Lomitas: Centro de Hombre Antiguo Chaqueño (CHACO).",chorote,diccionario
"Fabre, 2014","Fabre, Alain. (2014). Léxico nivacle. Kangasala (ms.)",nivaclé,diccionario
"Gerzenstein, 1979","Gerzenstein, Ana. (1979) Lengua chorote. Tomo 2. Buenos Aires:Instituto de Lingüística, Facultad de Filosofía y Letras, Universidad de Buenos Aires",chorote,vocabulario
"Gerzenstein, 1983","Gerzenstein, Ana (1983). Lengua Chorote. Variedad nº 2. Estudio descriptivo - Comparativo y vocabulario. Buenos Aires: Instituto de Lingüística, Facultad de Filosofía y Letras, Universidad de Buenos Aires",chorote,estudio descriptivo-comparativo y vocabulario
"Gerzenstein, 1994","Gerzenstein, Ana. (1994). Lengua Maká:  estudio descriptivo. Buenos Aires:  Instituto de Lingüística, Facultad de Filosofía y Letras, Universidad de Buenos Aires.",maká,estudio descriptivo
"Gerzenstein, 1999","Gerzenstein, Ana. (1999). Diccionario etnolinguístico maká-español (DELME). Buenos Aires:  Instituto de Lingüística, Facultad de Filosofía y Letras, Universidad de Buenos Aires.",maká,diccionario
"Gutiérrez, 2015","Gutiérrez, Analía (2015). Segmental and prosodic complexity in Nivaĉle : laryngeals, laterals, and metathesis. Tesis doctoral.Vancouver:  University of British Columbia. Retrieved from https://open.library.ubc.ca/collections/ubctheses/24/items/1.0166445",nivaclé,tesis doctoral
"Najlis, 1984","Najlis, Elena (1984). Fonología de la protolengua mataguaya. (Cuadernos de lingüística indígena, 9.) Buenos Aires: Instituto de Lingüística, Facultad de Filosofía y Letras, Universidad de Buenos Aires","chorote, nivaclé, wichí",estudio fonológico
"Nercesian, 2014","Nercesian, Verónica (2014). Wichi lhomtes. Estudio de la gramática y la interacción fonología-morfología-sintaxis-semántica. Munich: Lincom.",wichí,estudio gramatical
"Seelwische, 2016","Seelwische, José (2016). Nuevo Diccionario Nivaĉle-Castellano. Tercera edición mejorada a cargo de Félix Ramírez Flores et al. Asunción: CEADUC.",nivaclé,diccionario
"Tacconi, 2015","Tacconi, Temis Lucía. (2015). ""Formación de palabras en maká (mataguayo)"". Tesis doctoral. Buenos Aires:   Facultad de Filosofía y Letras, Universidad de Buenos Aires.",maká,tesis doctoral
