Palabra,Lengua,Español,Archivo,Formato,Cita Bibliográfica,Transcriptorx,Revisorx,Fuente,Consultante,Comunidad,Latitud,Longitud
ɬokʲe,chorote,flor,BUCCA_A_02A-chorote,wav,"Bucca, Salvador. “Elicitaciones en lenguas chorote, wichí, nivaclé y galés, 1969.”Repositorio Digital Archivo DILA. Laboratorio de Documentación e Investigación en Lingüística y Antropología (DILA), Área de Investigación, CAICYT - CONICET, 26 Mar. 2019, www.caicyt-conicet.gov.ar/dila/items/show/11402. Accessed 30 May 2022. URL: http://www.caicyt-conicet.gov.ar/dila/items/show/11402",NH,AG,DILA repo,Manuel González,"Misión La Paz, Santa Victoria Este, Salta",-22.36846452,-62.56198333
ɬawa,nivacle,flor,BUCCA_A_02A-nivacle,wav,"Bucca, Salvador. “Elicitaciones en lenguas chorote, wichí, nivaclé y galés, 1969.”Repositorio Digital Archivo DILA. Laboratorio de Documentación e Investigación en Lingüística y Antropología (DILA), Área de Investigación, CAICYT - CONICET, 26 Mar. 2019, www.caicyt-conicet.gov.ar/dila/items/show/11402. Accessed 30 May 2022. URL: http://www.caicyt-conicet.gov.ar/dila/items/show/11402",NH,AG,DILA repo,José Ampú,"Misión La Paz, Santa Victoria Este, Salta",-22.36846452,-62.56198333
ɬawoʔ,wichi,flor,BUCCA_A_02A-wichi,wav,"Bucca, Salvador. “Elicitaciones en lenguas chorote, wichí, nivaclé y galés, 1969.”Repositorio Digital Archivo DILA. Laboratorio de Documentación e Investigación en Lingüística y Antropología (DILA), Área de Investigación, CAICYT - CONICET, 26 Mar. 2019, www.caicyt-conicet.gov.ar/dila/items/show/11402. Accessed 30 May 2022. URL: http://www.caicyt-conicet.gov.ar/dila/items/show/11402",NH,AG,DILA repo,Wilfredo Ibarra,"Misión La Paz, Santa Victoria Este, Salta",-22.36846452,-62.56198333
ɬopʼom,maka,flor,MCA001R024I002,wav,"Gerzenstein, Ana. (1985). Elicitación. Texas, AILLA. Recuperado de https://ailla.utexas.org/es/islandora/object/ailla%3A125048",MD,AG,AILLA,"T'semhej, Andrés ","Asunción, Paraguay",-25.2966745,-57.6806628
ɬaʔa,chorote,fruta,BUCCA_A_02A-chorote,wav,"Bucca, Salvador. “Elicitaciones en lenguas chorote, wichí, nivaclé y galés, 1969.”Repositorio Digital Archivo DILA. Laboratorio de Documentación e Investigación en Lingüística y Antropología (DILA), Área de Investigación, CAICYT - CONICET, 26 Mar. 2019, www.caicyt-conicet.gov.ar/dila/items/show/11402. Accessed 30 May 2022. URL: http://www.caicyt-conicet.gov.ar/dila/items/show/11402",NH,AG,DILA repo,Manuel González,"Misión La Paz, Santa Victoria Este, Salta",-22.36846452,-62.56198333
ɬaj,nivacle,fruta,BUCCA_A_02A-nivacle,wav,"Bucca, Salvador. “Elicitaciones en lenguas chorote, wichí, nivaclé y galés, 1969.”Repositorio Digital Archivo DILA. Laboratorio de Documentación e Investigación en Lingüística y Antropología (DILA), Área de Investigación, CAICYT - CONICET, 26 Mar. 2019, www.caicyt-conicet.gov.ar/dila/items/show/11402. Accessed 30 May 2022. URL: http://www.caicyt-conicet.gov.ar/dila/items/show/11402",NH,AG,DILA repo,José Ampú,"Misión La Paz, Santa Victoria Este, Salta",-22.36846452,-62.56198333
ɬaj,wichi,fruta,BUCCA_A_02A-wichi,wav,"Bucca, Salvador. “Elicitaciones en lenguas chorote, wichí, nivaclé y galés, 1969.”Repositorio Digital Archivo DILA. Laboratorio de Documentación e Investigación en Lingüística y Antropología (DILA), Área de Investigación, CAICYT - CONICET, 26 Mar. 2019, www.caicyt-conicet.gov.ar/dila/items/show/11402. Accessed 30 May 2022. URL: http://www.caicyt-conicet.gov.ar/dila/items/show/11402",NH,AG,DILA repo,Wilfredo Ibarra,"Misión La Paz, Santa Victoria Este, Salta",-22.36846452,-62.56198333
ɬɑse,chorote,su hija,BUCCA_A_02A-chorote,wav,"Bucca, Salvador. “Elicitaciones en lenguas chorote, wichí, nivaclé y galés, 1969.”Repositorio Digital Archivo DILA. Laboratorio de Documentación e Investigación en Lingüística y Antropología (DILA), Área de Investigación, CAICYT - CONICET, 26 Mar. 2019, www.caicyt-conicet.gov.ar/dila/items/show/11402. Accessed 30 May 2022. URL: http://www.caicyt-conicet.gov.ar/dila/items/show/11402",NH,AG,DILA repo,Manuel González,"Misión La Paz, Santa Victoria Este, Salta",-22.36846452,-62.56198333
jase,chorote,mi hija,BUCCA_A_02A-chorote,wav,"Bucca, Salvador. “Elicitaciones en lenguas chorote, wichí, nivaclé y galés, 1969.”Repositorio Digital Archivo DILA. Laboratorio de Documentación e Investigación en Lingüística y Antropología (DILA), Área de Investigación, CAICYT - CONICET, 26 Mar. 2019, www.caicyt-conicet.gov.ar/dila/items/show/11402. Accessed 30 May 2022. URL: http://www.caicyt-conicet.gov.ar/dila/items/show/11402",NH,AG,DILA repo,Manuel González,"Misión La Paz, Santa Victoria Este, Salta",-22.36846452,-62.56198333
ɬɑse,wichi,su hija,BUCCA_A_02A-wichi,wav,"Bucca, Salvador. “Elicitaciones en lenguas chorote, wichí, nivaclé y galés, 1969.”Repositorio Digital Archivo DILA. Laboratorio de Documentación e Investigación en Lingüística y Antropología (DILA), Área de Investigación, CAICYT - CONICET, 26 Mar. 2019, www.caicyt-conicet.gov.ar/dila/items/show/11402. Accessed 30 May 2022. URL: http://www.caicyt-conicet.gov.ar/dila/items/show/11402",NH,AG,DILA repo,Wilfredo Ibarra,"Misión La Paz, Santa Victoria Este, Salta",-22.36846452,-62.56198333
inɬaʔa,chorote,piojo,BUCCA_A_02A-chorote,wav,"Bucca, Salvador. “Elicitaciones en lenguas chorote, wichí, nivaclé y galés, 1969.”Repositorio Digital Archivo DILA. Laboratorio de Documentación e Investigación en Lingüística y Antropología (DILA), Área de Investigación, CAICYT - CONICET, 26 Mar. 2019, www.caicyt-conicet.gov.ar/dila/items/show/11402. Accessed 30 May 2022. URL: http://www.caicyt-conicet.gov.ar/dila/items/show/11402",NH,AG,DILA repo,Manuel González,"Misión La Paz, Santa Victoria Este, Salta",-22.36846452,-62.56198333
ɬaɬaʔ,nivacle,piojo,BUCCA_A_02A-nivacle,wav,"Bucca, Salvador. “Elicitaciones en lenguas chorote, wichí, nivaclé y galés, 1969.”Repositorio Digital Archivo DILA. Laboratorio de Documentación e Investigación en Lingüística y Antropología (DILA), Área de Investigación, CAICYT - CONICET, 26 Mar. 2019, www.caicyt-conicet.gov.ar/dila/items/show/11402. Accessed 30 May 2022. URL: http://www.caicyt-conicet.gov.ar/dila/items/show/11402",NH,AG,DILA repo,José Ampú,"Misión La Paz, Santa Victoria Este, Salta",-22.36846452,-62.56198333
ɬaʔ,wichi,piojo,BUCCA_A_02A-wichi,wav,"Bucca, Salvador. “Elicitaciones en lenguas chorote, wichí, nivaclé y galés, 1969.”Repositorio Digital Archivo DILA. Laboratorio de Documentación e Investigación en Lingüística y Antropología (DILA), Área de Investigación, CAICYT - CONICET, 26 Mar. 2019, www.caicyt-conicet.gov.ar/dila/items/show/11402. Accessed 30 May 2022. URL: http://www.caicyt-conicet.gov.ar/dila/items/show/11402",NH,AG,DILA repo,Wilfredo Ibarra,"Misión La Paz, Santa Victoria Este, Salta",-22.36846452,-62.56198333
jiɬeʔ,maka,piojo,MCA001R024I002,wav,"Gerzenstein, Ana. (1985). Elicitación. Texas, AILLA. Recuperado de https://ailla.utexas.org/es/islandora/object/ailla%3A125048",MD,AG,AILLA,"T'semhej, Andrés ","Asunción, Paraguay",-25.2966745,-57.6806628
tsʼustsʼus,maka,rata,MCA001R024I002,wav,"Gerzenstein, Ana. (1985). Elicitación. Texas, AILLA. Recuperado de https://ailla.utexas.org/es/islandora/object/ailla%3A125048",MD,AG,AILLA,"T'semhej, Andrés ","Asunción, Paraguay",-25.2966745,-57.6806628
intokʲoɁ,chorote,cara,cinta07_B_1,wav,"Pacor, Paola. (2005). Trabajo de campo lengua chorote",GG-PP,AG,DILA inv,Enrique Díaz,"Misión Nueva Esperanza, Santa Victoria Este, Salta",-22.27656,-62.71291
inkaɁtokiɁ,chorote,codo,cinta07_B_1,wav,"Pacor, Paola. (2005). Trabajo de campo lengua chorote",GG-PP,AG,DILA inv,Enrique Díaz,"Misión Nueva Esperanza, Santa Victoria Este, Salta",-22.27656,-62.71291
inwoɁ,chorote,cuello,cinta07_B_1,wav,"Pacor, Paola. (2005). Trabajo de campo lengua chorote",GG-PP,AG,DILA inv,Enrique Díaz,"Misión Nueva Esperanza, Santa Victoria Este, Salta",-22.27656,-62.71291
inkinteɁ,chorote,diente,cinta07_B_1,wav,"Pacor, Paola. (2005). Trabajo de campo lengua chorote",GG-PP,AG,DILA inv,Enrique Díaz,"Misión Nueva Esperanza, Santa Victoria Este, Salta",-22.27656,-62.71291
inʲoɁ,chorote,hombre,cinta07_B_1,wav,"Pacor, Paola. (2005). Trabajo de campo lengua chorote",GG-PP,AG,DILA inv,Enrique Díaz,"Misión Nueva Esperanza, Santa Victoria Este, Salta",-22.27656,-62.71291
inkʲoɁo,chorote,mano,cinta07_B_1,wav,"Pacor, Paola. (2005). Trabajo de campo lengua chorote",GG-PP,AG,DILA inv,Enrique Díaz,"Misión Nueva Esperanza, Santa Victoria Este, Salta",-22.27656,-62.71291
kʲaɁle,chorote,niño,cinta07_B_1,wav,"Pacor, Paola. (2005). Trabajo de campo lengua chorote",GG-PP,AG,DILA inv,Enrique Díaz,"Misión Nueva Esperanza, Santa Victoria Este, Salta",-22.27656,-62.71291
intateɁ,chorote,ojo,cinta07_B_1,wav,"Pacor, Paola. (2005). Trabajo de campo lengua chorote",GG-PP,AG,DILA inv,Enrique Díaz,"Misión Nueva Esperanza, Santa Victoria Este, Salta",-22.27656,-62.71291
inkʲoteɁ,chorote,oreja,cinta07_B_1,wav,"Pacor, Paola. (2005). Trabajo de campo lengua chorote",GG-PP,AG,DILA inv,Enrique Díaz,"Misión Nueva Esperanza, Santa Victoria Este, Salta",-22.27656,-62.71291
intsʼeɁ,chorote,panza,cinta07_B_1,wav,"Pacor, Paola. (2005). Trabajo de campo lengua chorote",GG-PP,AG,DILA inv,Enrique Díaz,"Misión Nueva Esperanza, Santa Victoria Este, Salta",-22.27656,-62.71291
jaɁam,chorote,yo,cinta07_B_1,wav,"Pacor, Paola. (2005). Trabajo de campo lengua chorote",GG-PP,AG,DILA inv,Enrique Díaz,"Misión Nueva Esperanza, Santa Victoria Este, Salta",-22.27656,-62.71291
inkʲotak,chorote,brazalete,cinta03_B,wav,"Pacor, Paola. (2005). Trabajo de campo lengua chorote",GG-PP,AG,DILA inv,Víctor Díaz,"Misión Chorote 1, Tartagal, Salta",-22.5224555,-63.821629
alaɁ,chorote,hacha,cinta03_B,wav,"Pacor, Paola. (2005). Trabajo de campo lengua chorote",GG-PP,AG,DILA inv,Víctor Díaz,"Misión Chorote 1, Tartagal, Salta",-22.5224555,-63.821629
ineɁe,chorote,yica,cinta03_B,wav,"Pacor, Paola. (2005). Trabajo de campo lengua chorote",GG-PP,AG,DILA inv,Víctor Díaz,"Misión Chorote 1, Tartagal, Salta",-22.5224555,-63.821629
insaɁtitʼoɁ,chorote,zapato,cinta03_B,wav,"Pacor, Paola. (2005). Trabajo de campo lengua chorote",GG-PP,AG,DILA inv,Víctor Díaz,"Misión Chorote 1, Tartagal, Salta",-22.5224555,-63.821629
isitʲaɁ,chorote,hermana,cinta07_A,wav,"Pacor, Paola. (2005). Trabajo de campo lengua chorote",GG-PP,AG,DILA inv,Enrique Díaz,"Misión Nueva Esperanza, Santa Victoria Este, Salta",-22.27656,-62.71291
isijaɁ,chorote,nieta,cinta07_A,wav,"Pacor, Paola. (2005). Trabajo de campo lengua chorote",GG-PP,AG,DILA inv,Enrique Díaz,"Misión Nueva Esperanza, Santa Victoria Este, Salta",-22.27656,-62.71291
laɁxaut,chorote,aire,cinta01_A,wav,"Pacor, Paola. (2005). Trabajo de campo lengua chorote",GG-PP,AG,DILA inv,Margarita López,"Misión Chorote 1, Tartagal, Salta",-22.5224555,-63.821629
poliɁ,chorote,cielo,cinta01_A,wav,"Pacor, Paola. (2005). Trabajo de campo lengua chorote",GG-PP,AG,DILA inv,Margarita López,"Misión Chorote 1, Tartagal, Salta",-22.5224555,-63.821629
weɁla,chorote,luna,cinta01_A,wav,"Pacor, Paola. (2005). Trabajo de campo lengua chorote",GG-PP,AG,DILA inv,Margarita López,"Misión Chorote 1, Tartagal, Salta",-22.5224555,-63.821629
ikitʲeɁ,chorote,tía,cinta01_A,wav,"Pacor, Paola. (2005). Trabajo de campo lengua chorote",GG-PP,AG,DILA inv,Margarita López,"Misión Chorote 1, Tartagal, Salta",-22.5224555,-63.821629
hʷaɁajuk,chorote,algarrobo,CRT001R007I001,wav,"Gerzenstein, Ana. (1968) ""Palabras en Chorote"". Texas: Ailla. Recuperado de https://ailla.utexas.org/es/islandora/object/ailla%3A125066",SM-PP,AG,AILLA,Alfredo Filiberto,"Misión Chaqueña, Departamento General José de San Martín, Salta",-23.261923,-63.7500507
ohʷoɁ,chorote,paloma,CRT001R007I001,wav,"Gerzenstein, Ana. (1968) ""Palabras en Chorote"". Texas: Ailla. Recuperado de https://ailla.utexas.org/es/islandora/object/ailla%3A125066",SM-PP,AG,AILLA,Alfredo Filiberto,"Misión Chaqueña, Departamento General José de San Martín, Salta",-23.261923,-63.7500507
kiɁlʲoɁ,chorote,quirquincho,CRT001R007I001,wav,"Gerzenstein, Ana. (1968) ""Palabras en Chorote"". Texas: Ailla. Recuperado de https://ailla.utexas.org/es/islandora/object/ailla%3A125066",SM-PP,AG,AILLA,Alfredo Filiberto,"Misión Chaqueña, Departamento General José de San Martín, Salta",-23.261923,-63.7500507
kʲoɁol,chorote,langosta,CRT001R007I001,wav,"Gerzenstein, Ana. (1968) ""Palabras en Chorote"". Texas: Ailla. Recuperado de https://ailla.utexas.org/es/islandora/object/ailla%3A125066",SM-PP,AG,AILLA,Alfredo Filiberto,"Misión Chaqueña, Departamento General José de San Martín, Salta",-23.261923,-63.7500507
loɁ,chorote,mucho,CRT001R007I001,wav,"Gerzenstein, Ana. (1968) ""Palabras en Chorote"". Texas: Ailla. Recuperado de https://ailla.utexas.org/es/islandora/object/ailla%3A125066",SM-PP,AG,AILLA,Alfredo Filiberto,"Misión Chaqueña, Departamento General José de San Martín, Salta",-23.261923,-63.7500507
laɁan,chorote,monte,CRT001R007I001,wav,"Gerzenstein, Ana. (1968) ""Palabras en Chorote"". Texas: Ailla. Recuperado de https://ailla.utexas.org/es/islandora/object/ailla%3A125066",SM-PP,AG,AILLA,Alfredo Filiberto,"Misión Chaqueña, Departamento General José de San Martín, Salta",-23.261923,-63.7500507
jitiɁen,chorote,espina de árbol,CRT001R007I001,wav,"Gerzenstein, Ana. (1968) ""Palabras en Chorote"". Texas: Ailla. Recuperado de https://ailla.utexas.org/es/islandora/object/ailla%3A125066",SM-PP,AG,AILLA,Alfredo Filiberto,"Misión Chaqueña, Departamento General José de San Martín, Salta",-23.261923,-63.7500507
itiɁeteɁ,chorote,mi ojo,CRT001R007I002,wav,"Gerzenstein, Ana. (1968) ""Palabras en Chorote"". Texas: Ailla. Recuperado de https://ailla.utexas.org/es/islandora/object/ailla%3A125066",SM-PP,AG,AILLA,sin datos,sin datos,,
tijoɁ,chorote,mi cuello,CRT001R007I002,wav,"Gerzenstein, Ana. (1968) ""Palabras en Chorote"". Texas: Ailla. Recuperado de https://ailla.utexas.org/es/islandora/object/ailla%3A125066",SM-PP,AG,AILLA,sin datos,sin datos,,
itʲokʲoɁ,chorote,mi cara,CRT001R031I001 ,wav,"Gerzenstein, Ana. (1968) ""Palabras en Chorote"". Texas: Ailla. Recuperado de https://ailla.utexas.org/es/islandora/object/ailla%3A125066",SM-PP,AG,AILLA,Manuel González ,"Misión La Paz, Santa Victoria Este, Salta, 5 de julio de 1966",-22.36846452,-62.56198333
itsʲoteɁ,chorote,mi oreja,CRT001R031I001 ,wav,"Gerzenstein, Ana. (1968) ""Palabras en Chorote"". Texas: Ailla. Recuperado de https://ailla.utexas.org/es/islandora/object/ailla%3A125066",SM-PP,AG,AILLA,Manuel González ,"Misión La Paz, Santa Victoria Este, Salta, 5 de julio de 1966",-22.36846452,-62.56198333
ijoleɁ,chorote,mi pelo,CRT001R031I001 ,wav,"Gerzenstein, Ana. (1968) ""Palabras en Chorote"". Texas: Ailla. Recuperado de https://ailla.utexas.org/es/islandora/object/ailla%3A125066",SM-PP,AG,AILLA,Manuel González ,"Misión La Paz, Santa Victoria Este, Salta, 5 de julio de 1966",-22.36846452,-62.56198333
inʲɑt,chorote,agua,CRT001R031I001 ,wav,"Gerzenstein, Ana. (1968) ""Palabras en Chorote"". Texas: Ailla. Recuperado de https://ailla.utexas.org/es/islandora/object/ailla%3A125066",SM-PP,AG,AILLA,Manuel González ,"Misión La Paz, Santa Victoria Este, Salta, 5 de julio de 1966",-22.36846452,-62.56198333
naxak,chorote,red,CRT001R031I001 ,wav,"Gerzenstein, Ana. (1968) ""Palabras en Chorote"". Texas: Ailla. Recuperado de https://ailla.utexas.org/es/islandora/object/ailla%3A125066",SM-PP,AG,AILLA,Manuel González ,"Misión La Paz, Santa Victoria Este, Salta, 5 de julio de 1966",-22.36846452,-62.56198333
kilʲeɁ,chorote,sol,CRT001R031I001 ,wav,"Gerzenstein, Ana. (1968) ""Palabras en Chorote"". Texas: Ailla. Recuperado de https://ailla.utexas.org/es/islandora/object/ailla%3A125066",SM-PP,AG,AILLA,Manuel González ,"Misión La Paz, Santa Victoria Este, Salta, 5 de julio de 1966",-22.36846452,-62.56198333
peɁel,chorote,sombra,CRT001R031I001 ,wav,"Gerzenstein, Ana. (1968) ""Palabras en Chorote"". Texas: Ailla. Recuperado de https://ailla.utexas.org/es/islandora/object/ailla%3A125066",SM-PP,AG,AILLA,Manuel González ,"Misión La Paz, Santa Victoria Este, Salta, 5 de julio de 1966",-22.36846452,-62.56198333
noɁot,chorote,tarde,CRT001R031I001 ,wav,"Gerzenstein, Ana. (1968) ""Palabras en Chorote"". Texas: Ailla. Recuperado de https://ailla.utexas.org/es/islandora/object/ailla%3A125066",SM-PP,AG,AILLA,Manuel González ,"Misión La Paz, Santa Victoria Este, Salta, 5 de julio de 1966",-22.36846452,-62.56198333
nɑji,chorote,camino,CRT001R031I001 ,wav,"Gerzenstein, Ana. (1968) ""Palabras en Chorote"". Texas: Ailla. Recuperado de https://ailla.utexas.org/es/islandora/object/ailla%3A125066",SM-PP,AG,AILLA,Manuel González ,"Misión La Paz, Santa Victoria Este, Salta, 5 de julio de 1966",-22.36846452,-62.56198333
jot,chorote,mi pecho,CRT001R031I001 ,wav,"Gerzenstein, Ana. (1968) ""Palabras en Chorote"". Texas: Ailla. Recuperado de https://ailla.utexas.org/es/islandora/object/ailla%3A125066",SM-PP,AG,AILLA,Manuel González ,"Misión La Paz, Santa Victoria Este, Salta, 5 de julio de 1966",-22.36846452,-62.56198333
jax,chorote,mi piel,CRT001R031I001 ,wav,"Gerzenstein, Ana. (1968) ""Palabras en Chorote"". Texas: Ailla. Recuperado de https://ailla.utexas.org/es/islandora/object/ailla%3A125066",SM-PP,AG,AILLA,Manuel González ,"Misión La Paz, Santa Victoria Este, Salta, 5 de julio de 1966",-22.36846452,-62.56198333
wojis,chorote,la sangre,CRT001R031I001 ,wav,"Gerzenstein, Ana. (1968) ""Palabras en Chorote"". Texas: Ailla. Recuperado de https://ailla.utexas.org/es/islandora/object/ailla%3A125066",SM-PP,AG,AILLA,Manuel González ,"Misión La Paz, Santa Victoria Este, Salta, 5 de julio de 1966",-22.36846452,-62.56198333
kʼikʼi,chorote,cotorra,CRT001R032I001,wav,"Gerzenstein, Ana. (1968) ""Palabras en Chorote"". Texas: Ailla. Recuperado de https://ailla.utexas.org/es/islandora/object/ailla%3A125066",SM-PP,AG,AILLA,Manuel González ,"Misión La Paz, Santa Victoria Este, Salta, 6 de julio de 1966",-22.36846452,-62.56198333
eleɁ,chorote,loro,CRT001R032I001,wav,"Gerzenstein, Ana. (1968) ""Palabras en Chorote"". Texas: Ailla. Recuperado de https://ailla.utexas.org/es/islandora/object/ailla%3A125066",SM-PP,AG,AILLA,Manuel González ,"Misión La Paz, Santa Victoria Este, Salta, 6 de julio de 1966",-22.36846452,-62.56198333
ahluɁ,chorote,iguana,CRT001R032I001,wav,"Gerzenstein, Ana. (1968) ""Palabras en Chorote"". Texas: Ailla. Recuperado de https://ailla.utexas.org/es/islandora/object/ailla%3A125066",SM-PP,AG,AILLA,Manuel González ,"Misión La Paz, Santa Victoria Este, Salta, 6 de julio de 1966",-22.36846452,-62.56198333
malewi,chorote,mosquito,CRT001R032I001,wav,"Gerzenstein, Ana. (1968) ""Palabras en Chorote"". Texas: Ailla. Recuperado de https://ailla.utexas.org/es/islandora/object/ailla%3A125066",SM-PP,AG,AILLA,Manuel González ,"Misión La Paz, Santa Victoria Este, Salta, 6 de julio de 1966",-22.36846452,-62.56198333
wosak,chorote,mariposa,CRT001R032I001,wav,"Gerzenstein, Ana. (1968) ""Palabras en Chorote"". Texas: Ailla. Recuperado de https://ailla.utexas.org/es/islandora/object/ailla%3A125066",SM-PP,AG,AILLA,Manuel González ,"Misión La Paz, Santa Victoria Este, Salta, 6 de julio de 1966",-22.36846452,-62.56198333
awoɁo,chorote,gusano,CRT001R032I001,wav,"Gerzenstein, Ana. (1968) ""Palabras en Chorote"". Texas: Ailla. Recuperado de https://ailla.utexas.org/es/islandora/object/ailla%3A125066",SM-PP,AG,AILLA,Manuel González ,"Misión La Paz, Santa Victoria Este, Salta, 6 de julio de 1966",-22.36846452,-62.56198333
aɁlaɁ,chorote,árbol,CRT001R032I001,wav,"Gerzenstein, Ana. (1968) ""Palabras en Chorote"". Texas: Ailla. Recuperado de https://ailla.utexas.org/es/islandora/object/ailla%3A125066",SM-PP,AG,AILLA,Manuel González ,"Misión La Paz, Santa Victoria Este, Salta, 6 de julio de 1966",-22.36846452,-62.56198333
aɁam,chorote,vos,CRT001R032I001,wav,"Gerzenstein, Ana. (1968) ""Palabras en Chorote"". Texas: Ailla. Recuperado de https://ailla.utexas.org/es/islandora/object/ailla%3A125066",SM-PP,AG,AILLA,Manuel González ,"Misión La Paz, Santa Victoria Este, Salta, 6 de julio de 1966",-22.36846452,-62.56198333
hlaɁam,chorote,él,CRT001R032I001,wav,"Gerzenstein, Ana. (1968) ""Palabras en Chorote"". Texas: Ailla. Recuperado de https://ailla.utexas.org/es/islandora/object/ailla%3A125066",SM-PP,AG,AILLA,Manuel González ,"Misión La Paz, Santa Victoria Este, Salta, 6 de julio de 1966",-22.36846452,-62.56198333
saɁam,chorote,nosotros,CRT001R032I001,wav,"Gerzenstein, Ana. (1968) ""Palabras en Chorote"". Texas: Ailla. Recuperado de https://ailla.utexas.org/es/islandora/object/ailla%3A125066",SM-PP,AG,AILLA,Manuel González ,"Misión La Paz, Santa Victoria Este, Salta, 6 de julio de 1966",-22.36846452,-62.56198333
asaɁam,chorote,ustedes,CRT001R032I001,wav,"Gerzenstein, Ana. (1968) ""Palabras en Chorote"". Texas: Ailla. Recuperado de https://ailla.utexas.org/es/islandora/object/ailla%3A125066",SM-PP,AG,AILLA,Manuel González ,"Misión La Paz, Santa Victoria Este, Salta, 6 de julio de 1966",-22.36846452,-62.56198333
k'iniχ,maka,mi hermano menor,MCA001R024I001,wav,"Gerzenstein, Ana. (1985). Elicitación. Texas, AILLA. Recuperado de https://ailla.utexas.org/es/islandora/object/ailla%3A125048",MD,AG,AILLA,"T'semhej, Andrés ","Asunción, Paraguay",-25.2966745,-57.6806628
inχa,maka,mi hermana menor,MCA001R024I001,wav,"Gerzenstein, Ana. (1985). Elicitación. Texas, AILLA. Recuperado de https://ailla.utexas.org/es/islandora/object/ailla%3A125048",MD,AG,AILLA,"T'semhej, Andrés ","Asunción, Paraguay",-25.2966745,-57.6806628
jukiɁ,maka,mi nieta,MCA001R024I001,wav,"Gerzenstein, Ana. (1985). Elicitación. Texas, AILLA. Recuperado de https://ailla.utexas.org/es/islandora/object/ailla%3A125048",MD,AG,AILLA,"T'semhej, Andrés ","Asunción, Paraguay",-25.2966745,-57.6806628
jilpik ,maka,mi sobrino varón,MCA001R024I001,wav,"Gerzenstein, Ana. (1985). Elicitación. Texas, AILLA. Recuperado de https://ailla.utexas.org/es/islandora/object/ailla%3A125048",MD,AG,AILLA,"T'semhej, Andrés ","Asunción, Paraguay",-25.2966745,-57.6806628
pek'i ,maka,mi sobrina mujer,MCA001R024I001,wav,"Gerzenstein, Ana. (1985). Elicitación. Texas, AILLA. Recuperado de https://ailla.utexas.org/es/islandora/object/ailla%3A125048",MD,AG,AILLA,"T'semhej, Andrés ","Asunción, Paraguay",-25.2966745,-57.6806628
jitoɁ,maka,mi ojo,MCA001R024I001,wav,"Gerzenstein, Ana. (1985). Elicitación. Texas, AILLA. Recuperado de https://ailla.utexas.org/es/islandora/object/ailla%3A125048",MD,AG,AILLA,"T'semhej, Andrés ","Asunción, Paraguay",-25.2966745,-57.6806628
jikfiɁ,maka,mi oreja,MCA001R024I001,wav,"Gerzenstein, Ana. (1985). Elicitación. Texas, AILLA. Recuperado de https://ailla.utexas.org/es/islandora/object/ailla%3A125048",MD,AG,AILLA,"T'semhej, Andrés ","Asunción, Paraguay",-25.2966745,-57.6806628
jifɁi,maka,mi pie,MCA001R024I001,wav,"Gerzenstein, Ana. (1985). Elicitación. Texas, AILLA. Recuperado de https://ailla.utexas.org/es/islandora/object/ailla%3A125048",MD,AG,AILLA,"T'semhej, Andrés ","Asunción, Paraguay",-25.2966745,-57.6806628
jiweɬiɁ,maka,mi costilla,MCA001R024I001,wav,"Gerzenstein, Ana. (1985). Elicitación. Texas, AILLA. Recuperado de https://ailla.utexas.org/es/islandora/object/ailla%3A125048",MD,AG,AILLA,"T'semhej, Andrés ","Asunción, Paraguay",-25.2966745,-57.6806628
jiɬitiɁ,maka,mi corazón,MCA001R024I001,wav,"Gerzenstein, Ana. (1985). Elicitación. Texas, AILLA. Recuperado de https://ailla.utexas.org/es/islandora/object/ailla%3A125048",MD,AG,AILLA,"T'semhej, Andrés ","Asunción, Paraguay",-25.2966745,-57.6806628
jathits,maka,sangre,MCA001R024I001,wav,"Gerzenstein, Ana. (1985). Elicitación. Texas, AILLA. Recuperado de https://ailla.utexas.org/es/islandora/object/ailla%3A125048",MD,AG,AILLA,"T'semhej, Andrés ","Asunción, Paraguay",-25.2966745,-57.6806628
xunuɁ,maka,sol,MCA001R024I001,wav,"Gerzenstein, Ana. (1985). Elicitación. Texas, AILLA. Recuperado de https://ailla.utexas.org/es/islandora/object/ailla%3A125048",MD,AG,AILLA,"T'semhej, Andrés ","Asunción, Paraguay",-25.2966745,-57.6806628
wasiɁ,maka,nube,MCA001R024I001,wav,"Gerzenstein, Ana. (1985). Elicitación. Texas, AILLA. Recuperado de https://ailla.utexas.org/es/islandora/object/ailla%3A125048",MD,AG,AILLA,"T'semhej, Andrés ","Asunción, Paraguay",-25.2966745,-57.6806628
ɬeɁ,maka,fruta,MCA001R024I001,wav,"Gerzenstein, Ana. (1985). Elicitación. Texas, AILLA. Recuperado de https://ailla.utexas.org/es/islandora/object/ailla%3A125048",MD,AG,AILLA,"T'semhej, Andrés ","Asunción, Paraguay",-25.2966745,-57.6806628
eheɁ,maka,loro,MCA001R024I001,wav,"Gerzenstein, Ana. (1985). Elicitación. Texas, AILLA. Recuperado de https://ailla.utexas.org/es/islandora/object/ailla%3A125048",MD,AG,AILLA,"T'semhej, Andrés ","Asunción, Paraguay",-25.2966745,-57.6806628
ɬɁax,maka,cuero,MCA001R024I001,wav,"Gerzenstein, Ana. (1985). Elicitación. Texas, AILLA. Recuperado de https://ailla.utexas.org/es/islandora/object/ailla%3A125048",MD,AG,AILLA,"T'semhej, Andrés ","Asunción, Paraguay",-25.2966745,-57.6806628
ɬiɁ,maka,espina de árbol,MCA001R024I001,wav,"Gerzenstein, Ana. (1985). Elicitación. Texas, AILLA. Recuperado de https://ailla.utexas.org/es/islandora/object/ailla%3A125048",MD,AG,AILLA,"T'semhej, Andrés ","Asunción, Paraguay",-25.2966745,-57.6806628
eɁpiyeɁ,maka,escucho,MCA001R015I001,wav,"Gerzenstein, Ana. (1984). Elicitación. Texas, AILLA. Recuperado de https://ailla.utexas.org/es/islandora/object/ailla%3A125039",MD,AG,AILLA,"Takala'kwi, Pablo ","Asunción, Paraguay",-25.2966745,-57.6806628
jiyeɁ,maka,mosquito,MCA001R024I002,wav,"Gerzenstein, Ana. (1985). Elicitación. Texas, AILLA. Recuperado de https://ailla.utexas.org/es/islandora/object/ailla%3A125048",MD,AG,AILLA,"T'semhej, Andrés ","Asunción, Paraguay",-25.2966745,-57.6806628
ipʲokʲoɁ,chorote,mi talón,CRT001R031I001,wav,"Gerzenstein, Ana. (1968) ""Palabras en Chorote"". Texas: Ailla. Recuperado de https://ailla.utexas.org/es/islandora/object/ailla%3A125066",PP,SM-PP,AILLA,Manuel González,"Misión La Paz, Santa Victoria Este, Salta, 5 de julio de 1966",-22.36846452,-62.56198333
joqoq'o,maka,mi talón,MCA001R024I001,wav,"Gerzenstein, Ana. (1985). Elicitación. Texas, AILLA. Recuperado de https://ailla.utexas.org/es/islandora/object/ailla%3A125048",MD,AG,AILLA,"T'semhej, Andrés ","Asunción, Paraguay",-25.2966745,-57.6806628
wats,maka,cielo,MCA001R024I001,wav,"Gerzenstein, Ana. (1985). Elicitación. Texas, AILLA. Recuperado de https://ailla.utexas.org/es/islandora/object/ailla%3A125048",AG,AG,AILLA,"T'semhej, Andrés ","Asunción, Paraguay",-25.2966745,-57.6806628
inekheβel,maka,nosotros,MCA001R024I001,wav,"Gerzenstein, Ana. (1985). Elicitación. Texas, AILLA. Recuperado de https://ailla.utexas.org/es/islandora/object/ailla%3A125048",AG,AG,AILLA,"T'semhej, Andrés ","Asunción, Paraguay",-25.2966745,-57.6806628
inekheβeliɬ,maka,ustedes,MCA001R024I001,wav,"Gerzenstein, Ana. (1985). Elicitación. Texas, AILLA. Recuperado de https://ailla.utexas.org/es/islandora/object/ailla%3A125048",AG,AG,AILLA,"T'semhej, Andrés ","Asunción, Paraguay",-25.2966745,-57.6806628
xuwel,maka,luna,MCA001R024I001,wav,"Gerzenstein, Ana. (1985). Elicitación. Texas, AILLA. Recuperado de https://ailla.utexas.org/es/islandora/object/ailla%3A125048",AG,AG,AILLA,"T'semhej, Andrés ","Asunción, Paraguay",-25.2966745,-57.6806628
k͡lisaʔ,nivacle,yica,2010_07_01_SR_AG_002,wav,"Gutiérrez, Analía (2010) Trabajo de campo sobre lengua nivaĉle. Phonological Issues in Nivacle, an endangered indigenous language in the Argentinean and Paraguayan Chaco. The Jacobs Research Funds. Whatcom Museum, Bellingham, Washington, EEUU.",AG,AG,DILA inv,Elizabeth Rojas,"Uj’e Lhavos, Filadelfia, Paraguay",-22.36207153,-60.05006973
jifak͡lʔa,nivacle,mi sobrino,20120308_FR_AG_070,wav,"Gutiérrez, Analía (2012) Trabajo de campo sobre lengua nivaĉle. Small Grant 0144. Documentation and description of Nivaĉle dialects. Endangered Languages Documentation. Programme, SOAS, University of London, London, UK. http://hdl.handle.net/2196/71c8a0f7-d1a3-48a0-8acc-94e1b601635b",AG,AG,DILA inv,Félix Ramírez,"Uj’e Lhavos, Filadelfia, Paraguay",-22.36207153,-60.05006973
jifakt͡ʃeʔe,nivacle,mi sobrina,20120308_FR_AG_069,wav,"Gutiérrez, Analía (2012) Trabajo de campo sobre lengua nivaĉle. Small Grant 0144. Documentation and description of Nivaĉle dialects. Endangered Languages Documentation. Programme, SOAS, University of London, London, UK. http://hdl.handle.net/2196/71c8a0f7-d1a3-48a0-8acc-94e1b601635b",AG,AG,DILA inv,Félix Ramírez,"Uj’e Lhavos, Filadelfia, Paraguay",-22.36207153,-60.05006973
aβa̰t͡ʃa,nivacle,vos,20170709_TS_AG_069,wav,"Gutiérrez, Analía (2011) Trabajo de campo sobre lengua nivaĉle. “Documentation, Description and Analysis of Nivacle.” “Bottom Billion” Fieldwork Fund Application. Liu Institute for Global Issues. University of British Columbia. Vancouver, Canadá.",AG,AG,DILA inv,Félix Ramírez,"Uj’e Lhavos, Filadelfia, Paraguay",-22.36207153,-60.05006973
ɬaxpek,nivacle,sombra,20120505_FR_AG_063,wav,"Gutiérrez, Analía (2012) Trabajo de campo sobre lengua nivaĉle. Small Grant 0144. Documentation and description of Nivaĉle dialects. Endangered Languages Documentation. Programme, SOAS, University of London, London, UK. http://hdl.handle.net/2196/71c8a0f7-d1a3-48a0-8acc-94e1b601635b",AG,AG,DILA inv,Félix Ramírez,"Uj’e Lhavos, Filadelfia, Paraguay",-22.36207153,-60.05006973
ek͡le,nivacle,loro,2010_08_14_SR_AG_020,wav,"Gutiérrez, Analía (2010) Trabajo de campo sobre lengua nivaĉle. Phonological Issues in Nivacle, an endangered indigenous language in the Argentinean and Paraguayan Chaco. The Jacobs Research Funds. Whatcom Museum, Bellingham, Washington, EEUU.",AG,AG,DILA inv,Sara Rojas,"Uj’e Lhavos, Filadelfia, Paraguay",-22.36207153,-60.05006973
xiβeʔk͡la,nivacle,luna,2010_08_24_FR_AG_211,wav,"Gutiérrez, Analía (2012) Trabajo de campo sobre lengua nivaĉle. Small Grant 0144. Documentation and description of Nivaĉle dialects. Endangered Languages Documentation. Programme, SOAS, University of London, London, UK. http://hdl.handle.net/2196/71c8a0f7-d1a3-48a0-8acc-94e1b601635b",AG,AG,DILA inv,Graciano Ramírez,"Uj’e Lhavos, Filadelfia, Paraguay",-22.36207153,-60.05006973
nekxɑ̰k,nivacle,niño,2017_04_04_FR_AG_087,wav,"Gutiérrez, Analía (2017) Trabajo de campo sobre lengua nivaĉle. Proyecto de trabajo CIC, CONICET.",AG,AG,DILA inv,Félix Ramírez,"Uj’e Lhavos, Filadelfia, Paraguay",-22.36207153,-60.05006973
wɑ̰s,nivacle,cielo,2010_08_21_FR_AG_052,wav,"Gutiérrez, Analía (2010) Trabajo de campo sobre lengua nivaĉle. Phonological Issues in Nivacle, an endangered indigenous language in the Argentinean and Paraguayan Chaco. The Jacobs Research Funds. Whatcom Museum, Bellingham, Washington, EEUU.",AG,AG,DILA inv,Félix Ramírez,"Uj’e Lhavos, Filadelfia, Paraguay",-22.36207153,-60.05006973
aɬu,nivacle,iguana,2012_05_04_GR_AG_037,wav,"Gutiérrez, Analía (2012) Trabajo de campo sobre lengua nivaĉle. Small Grant 0144. Documentation and description of Nivaĉle dialects. Endangered Languages Documentation. Programme, SOAS, University of London, London, UK. http://hdl.handle.net/2196/71c8a0f7-d1a3-48a0-8acc-94e1b601635b",AG,AG,DILA inv,Graciano Ramírez,"Uj’e Lhavos, Filadelfia, Paraguay",-22.36207153,-60.05006973
fanxa,nivacle,langosta,2012_03_13_FR_AG_140,wav,"Gutiérrez, Analía (2012) Trabajo de campo sobre lengua nivaĉle. Small Grant 0144. Documentation and description of Nivaĉle dialects. Endangered Languages Documentation. Programme, SOAS, University of London, London, UK. http://hdl.handle.net/2196/71c8a0f7-d1a3-48a0-8acc-94e1b601635b",AG,AG,DILA inv,Félix Ramírez,"Uj’e Lhavos, Filadelfia, Paraguay",-22.36207153,-60.05006973
jikaʔwot,nivacle,mi panza,2017_04_04_FR_AG_156,wav,"Gutiérrez, Analía (2017) Trabajo de campo sobre lengua nivaĉle. Proyecto de trabajo CIC, CONICET.",AG,AG,DILA inv,Félix Ramírez,"Uj’e Lhavos, Filadelfia, Paraguay",-22.36207153,-60.05006973
jipɑʔkɑt,nivacle,mi mano,2019_07_20_FR_AG_056,wav,"Gutiérrez, Analía (2019) Trabajo de campo sobre lengua nivaĉle. PICT2016-1038. Grupo de Reciente Formación (Tipo D). Categoría I (Temas abiertos), 2 años. “Las glotales en las lenguas mataguayas: un análisis comparativo de sus representaciones y comportamientos fonológicos y sus realizaciones fonéticas.”",AG,AG,DILA inv,Félix Ramírez,"Uj’e Lhavos, Filadelfia, Paraguay",-22.36207153,-60.05006973
t͡ʃ'et͡ʃ'e,nivacle,cotorra,20190723_TeS_AG_002,wav,"Gutiérrez, Analía (2019) Trabajo de campo sobre lengua nivaĉle. PICT2016-1038. Grupo de Reciente Formación (Tipo D). Categoría I (Temas abiertos), 2 años. “Las glotales en las lenguas mataguayas: un análisis comparativo de sus representaciones y comportamientos fonológicos y sus realizaciones fonéticas.”",AG,AG,DILA inv,Teo Servín,"Uj’e Lhavos, Filadelfia, Paraguay",-22.36207153,-60.05006973
fa̰juk,nivacle,algarrobo,2017_07_07_FR_AG_071,wav,"Gutiérrez, Analía (2011) Trabajo de campo sobre lengua nivaĉle. “Documentation, Description and Analysis of Nivacle.” “Bottom Billion” Fieldwork Fund Application. Liu Institute for Global Issues. University of British Columbia. Vancouver, Canadá.",AG,AG,DILA inv,José Rojas,"Uj’e Lhavos, Filadelfia, Paraguay",-22.36207153,-60.05006973
ɬawoʔ,nivacle,gusano,2011_07_18_JR_AG_107,wav,"Gutiérrez, Analía (2011) Trabajo de campo sobre lengua nivaĉle. “Documentation, Description and Analysis of Nivacle.” “Bottom Billion” Fieldwork Fund Application. Liu Institute for Global Issues. University of British Columbia. Vancouver, Canadá.",AG,AG,DILA inv,José Rojas,"Uj’e Lhavos, Filadelfia, Paraguay",-22.36207153,-60.05006973
ofo,nivacle,paloma,2011_07_18_JR_AG_012,wav,"Gutiérrez, Analía (2010) Trabajo de campo sobre lengua nivaĉle. Phonological Issues in Nivacle, an endangered indigenous language in the Argentinean and Paraguayan Chaco. The Jacobs Research Funds. Whatcom Museum, Bellingham, Washington, EEUU.",AG,AG,DILA inv,José Rojas,"Uj’e Lhavos, Filadelfia, Paraguay",-22.36207153,-60.05006973
jifoʔ,nivacle,mi pie,2010_08_17_MV_AG_011,wav,"Gutiérrez, Analía (2010) Trabajo de campo sobre lengua nivaĉle. Phonological Issues in Nivacle, an endangered indigenous language in the Argentinean and Paraguayan Chaco. The Jacobs Research Funds. Whatcom Museum, Bellingham, Washington, EEUU.",AG,AG,DILA inv,Mauricio Valdez,"Uj’e Lhavos, Filadelfia, Paraguay",-22.36207153,-60.05006973
tʼɑχ,nivacle,cuero,20170404FR_AG_120,wav,"Gutiérrez, Analía (2017) Trabajo de campo sobre lengua nivaĉle. Proyecto de trabajo CIC, CONICET.",AG,AG,DILA inv,Félix Ramírez,"Uj’e Lhavos, Filadelfia, Paraguay",-22.36207153,-60.05006973
nɑjiʃ,nivacle,camino,20170506FR_AG_088,wav,"Gutiérrez, Analía (2017) Trabajo de campo sobre lengua nivaĉle. Proyecto de trabajo CIC, CONICET.",AG,AG,DILA inv,Félix Ramírez,"Uj’e Lhavos, Filadelfia, Paraguay",-22.36207153,-60.05006973
jikfeʔ,nivacle,mi oreja,2010_07_04_FR_AG_045,wav,"Gutiérrez, Analía (2010) Trabajo de campo sobre lengua nivaĉle. Phonological Issues in Nivacle, an endangered indigenous language in the Argentinean and Paraguayan Chaco. The Jacobs Research Funds. Whatcom Museum, Bellingham, Washington, EEUU.",AG,AG,DILA inv,Félix Ramírez,"Uj’e Lhavos, Filadelfia, Paraguay",-22.36207153,-60.05006973
jiɬḭβte,nivacle,mi corazón,2010_07_04_FR_AG_048,wav,"Gutiérrez, Analía (2010) Trabajo de campo sobre lengua nivaĉle. Phonological Issues in Nivacle, an endangered indigenous language in the Argentinean and Paraguayan Chaco. The Jacobs Research Funds. Whatcom Museum, Bellingham, Washington, EEUU.",AG,AG,DILA inv,Félix Ramírez,"Uj’e Lhavos, Filadelfia, Paraguay",-22.36207153,-60.05006973
jitɑseχ,nivacle,mi ojo,2010_07_04_FR_AG_059,wav,"Gutiérrez, Analía (2010) Trabajo de campo sobre lengua nivaĉle. Phonological Issues in Nivacle, an endangered indigenous language in the Argentinean and Paraguayan Chaco. The Jacobs Research Funds. Whatcom Museum, Bellingham, Washington, EEUU.",AG,AG,DILA inv,Félix Ramírez,"Uj’e Lhavos, Filadelfia, Paraguay",-22.36207153,-60.05006973
-tʃitaʔ,nivacle,hermana mayor,2010_08_17_FR_AG_067,wav,"Gutiérrez, Analía (2010) Trabajo de campo sobre lengua nivaĉle. Phonological Issues in Nivacle, an endangered indigenous language in the Argentinean and Paraguayan Chaco. The Jacobs Research Funds. Whatcom Museum, Bellingham, Washington, EEUU.",AG,AG,DILA inv,Félix Ramírez,"Uj’e Lhavos, Filadelfia, Paraguay",-22.36207153,-60.05006973
jit͡ʃ'iniʃ,nivacle,mi hermano menor,2010_08_17_MV_AG_068,wav,"Gutiérrez, Analía (2010) Trabajo de campo sobre lengua nivaĉle. Phonological Issues in Nivacle, an endangered indigenous language in the Argentinean and Paraguayan Chaco. The Jacobs Research Funds. Whatcom Museum, Bellingham, Washington, EEUU.",AG,AG,DILA inv,Mauricio Valdez,"Uj’e Lhavos, Filadelfia, Paraguay",-22.36207153,-60.05006973
βosej,nivacle,nube,2010_08_21_FR_AG_050,wav,"Gutiérrez, Analía (2010) Trabajo de campo sobre lengua nivaĉle. Phonological Issues in Nivacle, an endangered indigenous language in the Argentinean and Paraguayan Chaco. The Jacobs Research Funds. Whatcom Museum, Bellingham, Washington, EEUU.",AG,AG,DILA inv,Félix Ramírez,"Uj’e Lhavos, Filadelfia, Paraguay",-22.36207153,-60.05006973
ɬaʔβoʔ,nivacle,su cuello,2010_08_24_FR_AG_183,wav,"Gutiérrez, Analía (2010) Trabajo de campo sobre lengua nivaĉle. Phonological Issues in Nivacle, an endangered indigenous language in the Argentinean and Paraguayan Chaco. The Jacobs Research Funds. Whatcom Museum, Bellingham, Washington, EEUU.",AG,AG,DILA inv,Félix Ramírez,"Uj’e Lhavos, Filadelfia, Paraguay",-22.36207153,-60.05006973
t'afkatoʔ,nivacle,su codo,2010_08_24_FR_AG_192,wav,"Gutiérrez, Analía (2010) Trabajo de campo sobre lengua nivaĉle. Phonological Issues in Nivacle, an endangered indigenous language in the Argentinean and Paraguayan Chaco. The Jacobs Research Funds. Whatcom Museum, Bellingham, Washington, EEUU.",AG,AG,DILA inv,Félix Ramírez,"Uj’e Lhavos, Filadelfia, Paraguay",-22.36207153,-60.05006973
nuʔut,nivacle,tarde,2010_08_31_FR_AG_042,wav,"Gutiérrez, Analía (2010) Trabajo de campo sobre lengua nivaĉle. Phonological Issues in Nivacle, an endangered indigenous language in the Argentinean and Paraguayan Chaco. The Jacobs Research Funds. Whatcom Museum, Bellingham, Washington, EEUU.",AG,AG,DILA inv,Félix Ramírez,"Uj’e Lhavos, Filadelfia, Paraguay",-22.36207153,-60.05006973
jit͡ʃ'inxɑ,nivacle,mi hermana menor,2011_07_08_ER_AG_071,wav,"Gutiérrez, Analía (2011) Trabajo de campo sobre lengua nivaĉle. “Documentation, Description and Analysis of Nivacle.” “Bottom Billion” Fieldwork Fund Application. Liu Institute for Global Issues. University of British Columbia. Vancouver, Canadá.",AG,AG,DILA inv,Elizabeth Rojas,"Uj’e Lhavos, Filadelfia, Paraguay",-22.36207153,-60.05006973
ak͡loχ,nivacle,mucho,2011_07_11_FR_AG_194,wav,"Gutiérrez, Analía (2011) Trabajo de campo sobre lengua nivaĉle. “Documentation, Description and Analysis of Nivacle.” “Bottom Billion” Fieldwork Fund Application. Liu Institute for Global Issues. University of British Columbia. Vancouver, Canadá.",AG,AG,DILA inv,Félix Ramírez,"Uj’e Lhavos, Filadelfia, Paraguay",-22.36207153,-60.05006973
jiβɬiʔ,nivacle,mi costilla,2011_07_11_FR_AG_203,wav,"Gutiérrez, Analía (2011) Trabajo de campo sobre lengua nivaĉle. “Documentation, Description and Analysis of Nivacle.” “Bottom Billion” Fieldwork Fund Application. Liu Institute for Global Issues. University of British Columbia. Vancouver, Canadá.",AG,AG,DILA inv,Félix Ramírez,"Uj’e Lhavos, Filadelfia, Paraguay",-22.36207153,-60.05006973
a̰kxijuk,nivacle,árbol,2011_07_12_FR_AG_075,wav,"Gutiérrez, Analía (2011) Trabajo de campo sobre lengua nivaĉle. “Documentation, Description and Analysis of Nivacle.” “Bottom Billion” Fieldwork Fund Application. Liu Institute for Global Issues. University of British Columbia. Vancouver, Canadá.",AG,AG,DILA inv,Félix Ramírez,"Uj’e Lhavos, Filadelfia, Paraguay",-22.36207153,-60.05006973
aβa̰tt͡ʃeʔeɬ,nivacle,ustedes,2011_07_11_FR_AG_071,wav,"Gutiérrez, Analía (2011) Trabajo de campo sobre lengua nivaĉle. “Documentation, Description and Analysis of Nivacle.” “Bottom Billion” Fieldwork Fund Application. Liu Institute for Global Issues. University of British Columbia. Vancouver, Canadá.",AG,AG,DILA inv,Félix Ramírez,"Uj’e Lhavos, Filadelfia, Paraguay",-22.36207153,-60.05006973
k'akxoʔ,nivacle,quirquincho,20120308_FR_AG_003,wav,"Gutiérrez, Analía (2012) Trabajo de campo sobre lengua nivaĉle. Small Grant 0144. Documentation and description of Nivaĉle dialects. Endangered Languages Documentation. Programme, SOAS, University of London, London, UK. http://hdl.handle.net/2196/71c8a0f7-d1a3-48a0-8acc-94e1b601635b",AG,AG,DILA inv,Félix Ramírez,"Uj’e Lhavos, Filadelfia, Paraguay",-22.36207153,-60.05006973
ɬɑse,nivacle,su hija,20120313_FR_AG_136,wav,"Gutiérrez, Analía (2012) Trabajo de campo sobre lengua nivaĉle. Small Grant 0144. Documentation and description of Nivaĉle dialects. Endangered Languages Documentation. Programme, SOAS, University of London, London, UK. http://hdl.handle.net/2196/71c8a0f7-d1a3-48a0-8acc-94e1b601635b",AG,AG,DILA inv,Félix Ramírez,"Uj’e Lhavos, Filadelfia, Paraguay",-22.36207153,-60.05006973
jinɑ̰t,nivacle,agua,20120315_FR_AG_041,wav,"Gutiérrez, Analía (2012) Trabajo de campo sobre lengua nivaĉle. Small Grant 0144. Documentation and description of Nivaĉle dialects. Endangered Languages Documentation. Programme, SOAS, University of London, London, UK. http://hdl.handle.net/2196/71c8a0f7-d1a3-48a0-8acc-94e1b601635b",AG,AG,DILA inv,Félix Ramírez,"Uj’e Lhavos, Filadelfia, Paraguay",-22.36207153,-60.05006973
jit'oχ,nivacle,mi tía,20120316_FR_AG_091,wav,"Gutiérrez, Analía (2012) Trabajo de campo sobre lengua nivaĉle. Small Grant 0144. Documentation and description of Nivaĉle dialects. Endangered Languages Documentation. Programme, SOAS, University of London, London, UK. http://hdl.handle.net/2196/71c8a0f7-d1a3-48a0-8acc-94e1b601635b",AG,AG,DILA inv,Félix Ramírez,"Uj’e Lhavos, Filadelfia, Paraguay",-22.36207153,-60.05006973
ɬtako,nivacle,su cara,20120317_FR_AG_003,wav,"Gutiérrez, Analía (2012) Trabajo de campo sobre lengua nivaĉle. Small Grant 0144. Documentation and description of Nivaĉle dialects. Endangered Languages Documentation. Programme, SOAS, University of London, London, UK. http://hdl.handle.net/2196/71c8a0f7-d1a3-48a0-8acc-94e1b601635b",AG,AG,DILA inv,Félix Ramírez,"Uj’e Lhavos, Filadelfia, Paraguay",-22.36207153,-60.05006973
βosok,nivacle,mariposa,20120505_FR_AG_033,wav,"Gutiérrez, Analía (2012) Trabajo de campo sobre lengua nivaĉle. Small Grant 0144. Documentation and description of Nivaĉle dialects. Endangered Languages Documentation. Programme, SOAS, University of London, London, UK. http://hdl.handle.net/2196/71c8a0f7-d1a3-48a0-8acc-94e1b601635b",AG,AG,DILA inv,Félix Ramírez,"Uj’e Lhavos, Filadelfia, Paraguay",-22.36207153,-60.05006973
xunkuk͡la̰j,nivacle,sol,20170407_FR_AG_061,wav,"Gutiérrez, Analía (2017) Trabajo de campo sobre lengua nivaĉle. Proyecto de trabajo CIC, CONICET.",AG,AG,DILA inv,Félix Ramírez,"Uj’e Lhavos, Filadelfia, Paraguay",-22.36207153,-60.05006973
ɬaʔβojej,nivacle,sangre,20170710_FR_AG_018,wav,"Gutiérrez, Analía (2017) Trabajo de campo sobre lengua nivaĉle. Proyecto de trabajo CIC, CONICET.",AG,AG,DILA inv,Félix Ramírez,"Uj’e Lhavos, Filadelfia, Paraguay",-22.36207153,-60.05006973
jɑse,nivacle,mi hija,20190723_TeS_AG_025,wav,"Gutiérrez, Analía (2019) Trabajo de campo sobre lengua nivaĉle. PICT2016-1038. Grupo de Reciente Formación (Tipo D). Categoría I (Temas abiertos), 2 años. “Las glotales en las lenguas mataguayas: un análisis comparativo de sus representaciones y comportamientos fonológicos y sus realizaciones fonéticas.”",AG,AG,DILA inv,Teo Servín,"Uj’e Lhavos, Filadelfia, Paraguay",-22.36207153,-60.05006973
xapeʔja,nivacle,escucho,20170407_FR_AG_019,wav,"Gutiérrez, Analía (2017) Trabajo de campo sobre lengua nivaĉle. Proyecto de trabajo CIC, CONICET.",AG,AG,DILA inv,Félix Ramírez,"Uj’e Lhavos, Filadelfia, Paraguay",-22.36207153,-60.05006973
βatajaɬ,nivacle,aire,20120514_FR_AG_169,wav,"Gutiérrez, Analía (2012) Trabajo de campo sobre lengua nivaĉle. Small Grant 0144. Documentation and description of Nivaĉle dialects. Endangered Languages Documentation. Programme, SOAS, University of London, London, UK. http://hdl.handle.net/2196/71c8a0f7-d1a3-48a0-8acc-94e1b601635b",AG,AG,DILA inv,Félix Ramírez,"Uj’e Lhavos, Filadelfia, Paraguay",-22.36207153,-60.05006973
jɑ̰t,nivacle,mi pecho,20120319_FR_AG_019,wav,"Gutiérrez, Analía (2012) Trabajo de campo sobre lengua nivaĉle. Small Grant 0144. Documentation and description of Nivaĉle dialects. Endangered Languages Documentation. Programme, SOAS, University of London, London, UK. http://hdl.handle.net/2196/71c8a0f7-d1a3-48a0-8acc-94e1b601635b",AG,AG,DILA inv,Félix Ramírez,"Uj’e Lhavos, Filadelfia, Paraguay",-22.36207153,-60.05006973
